feature,coef
21号GC含量,-1.5084043419212008
13号GC含量,1.1120253208959974
X浓度,-1.006128947728454
年龄,-0.3975885962179531
体质指数,-0.37051601982737215
18号GC含量,0.33968917557986783
过滤比例,0.2976932755396398
检测质量主成分1,0.2853672753219728
孕周_周,0.2729395058976411
重复比例,-0.2549521227566836
21号Z值,0.19596599649791605
比对比例,0.1824067479337097
X染色体Z值,-0.1692273289660242
18号Z值,0.13231121314356128
13号Z值,-0.11781873375374752
GC含量,-0.10513510993281404
原始读段数,-0.1011768991722227
检测质量主成分2,0.0
