fold,roc_auc,pr_auc,brier,logloss
1,0.7680995475113123,0.5841311545761815,0.08815502635063772,0.4054734775813485
2,0.6965811965811965,0.2088614272437802,0.12656237374804208,0.4682916254219477
3,0.6611570247933884,0.3970528754799849,0.07925230580253152,0.3691644256133401
4,0.7928571428571428,0.3154196764751908,0.12641010936095926,0.4233096888848905
5,0.739090909090909,0.36264838539225003,0.07344374491542638,0.2859390484266818
